,A_lower boundary,A_upper boundary,B_lower boundary,B_upper boundary,C_lower boundary,C_upper boundary,D_lower boundary,D_upper boundary,E_lower boundary,E_upper boundary
Wind speed [m/s],-0.9020111091203515,3.482625002496765,-0.9938686174796691,3.478117405848005,-0.9730666881005843,3.7159931230237855,-1.0035847795095263,4.166883081853908,-0.805134264834344,1.9976191133191925
Temperature [deg C],10.162571699891455,25.775635085245863,10.072939396721953,26.057916822987256,10.047710983086484,25.77856225862734,10.130679378469452,25.86204495459441,9.800962823938738,26.90691596394005
